customer_id,first_name,last_name,gender,date_of_birth,skill_level,home_city,signup_date
1,Tom,Meyer,F,1971-06-20,Intermediate,Berlin,2023-03-12
2,Emily,Becker,M,1975-03-22,Advanced,Leipzig,2023-02-07
3,Anna,Schmidt,M,2002-11-13,Intermediate,Berlin,2022-10-07
4,Marco,Koch,F,1987-05-30,Beginner,Berlin,2023-10-25
5,Tom,Fischer,M,1995-01-12,Beginner,Berlin,2022-01-19
6,Nina,Meyer,F,1987-04-28,Beginner,Berlin,2021-09-24
7,Jonas,Chen,M,1987-02-07,Intermediate,Berlin,2022-12-20
8,Tom,Fischer,M,1968-10-07,Beginner,Berlin,2021-08-06
9,Anna,Chen,F,1978-09-30,Intermediate,Berlin,2021-12-11
10,Marco,Koch,F,1976-04-19,Beginner,Berlin,2021-09-03
11,Emily,Klein,M,1980-08-18,Beginner,Potsdam,2021-03-17
12,Anna,Fischer,F,1996-12-07,Advanced,Potsdam,2023-06-26
13,Anna,Lopez,F,1979-11-17,Intermediate,Leipzig,2021-10-06
14,Jonas,Chen,M,1983-01-26,Beginner,Berlin,2022-06-02
15,Lena,Schmidt,F,1980-11-23,Intermediate,Berlin,2021-02-17
16,Marco,Lopez,M,1968-09-26,Beginner,Potsdam,2023-02-05
17,Sarah,Weber,M,1982-08-24,Intermediate,Berlin,2021-12-28
18,Anna,Weber,Other,1972-10-28,Intermediate,Berlin,2023-03-27
19,Lena,Meyer,M,1972-06-21,Beginner,Berlin,2022-03-28
20,Sarah,Klein,F,1968-10-05,Intermediate,Berlin,2021-08-03
21,Marco,Koch,F,1979-04-08,Intermediate,Berlin,2022-07-16
22,Alex,Fischer,M,1995-04-20,Intermediate,Berlin,2021-05-23
23,Nina,Rossi,F,1976-01-22,Beginner,Berlin,2022-04-28
24,Lena,Schmidt,F,1977-06-30,Beginner,Berlin,2021-12-14
25,Chris,Chen,M,1990-09-16,Advanced,Berlin,2023-09-26
26,Alex,Koch,F,1972-11-01,Beginner,Berlin,2021-03-08
27,Nina,Lopez,F,2000-11-17,Intermediate,Berlin,2023-01-30
28,Jonas,Weber,F,1985-10-22,Intermediate,Berlin,2021-07-20
29,Tom,Schmidt,F,1982-11-27,Intermediate,Berlin,2021-12-16
30,Emily,Rossi,M,1987-04-25,Beginner,Berlin,2022-03-31
31,Chris,Fischer,F,1971-08-23,Beginner,Berlin,2023-09-22
32,Jonas,Meyer,F,1989-07-16,Intermediate,Berlin,2021-09-23
33,Marco,Rossi,F,1979-07-11,Beginner,Berlin,2021-04-10
34,Jonas,Schmidt,F,2000-11-20,Beginner,Leipzig,2021-12-15
35,Tom,Rossi,F,1971-10-03,Beginner,Berlin,2021-04-25
36,Marco,Schmidt,F,1985-04-14,Beginner,Berlin,2021-05-21
37,Chris,Schmidt,F,1988-12-04,Advanced,Berlin,2022-09-21
38,Tom,Becker,F,1966-05-03,Beginner,Berlin,2021-03-08
39,Sarah,Chen,F,1979-07-20,Beginner,Berlin,2021-02-03
40,Emily,Weber,F,1994-04-22,Beginner,Berlin,2023-02-22
41,Chris,Becker,F,1997-10-25,Intermediate,Potsdam,2022-02-01
42,Sarah,Fischer,M,1977-07-12,Intermediate,Berlin,2021-05-18
43,Nina,Becker,M,1996-12-11,Beginner,Berlin,2021-10-05
44,Chris,Klein,M,2003-09-17,Intermediate,Berlin,2022-12-05
45,Nina,Klein,F,1999-04-11,Intermediate,Potsdam,2021-10-29
46,Marco,Weber,F,1969-09-15,Advanced,Berlin,2022-06-26
47,Sarah,Rossi,F,1994-08-04,Intermediate,Leipzig,2021-05-14
48,Emily,Chen,M,1977-10-15,Beginner,Berlin,2022-10-06
49,Tom,Weber,F,2004-07-15,Beginner,Leipzig,2021-12-13
50,Anna,Schmidt,M,1984-06-01,Beginner,Leipzig,2022-11-18
51,Jonas,Lopez,M,1969-11-24,Beginner,Berlin,2023-06-05
52,Alex,Chen,F,1994-01-03,Advanced,Berlin,2022-11-01
53,Emily,Chen,F,1977-12-03,Beginner,Berlin,2021-11-20
54,Sarah,Schmidt,M,2004-11-19,Beginner,Berlin,2021-10-08
55,Anna,Schmidt,M,2004-03-11,Intermediate,Potsdam,2021-12-25
56,Emily,Meyer,M,1991-04-01,Intermediate,Berlin,2021-06-30
57,Sarah,Weber,M,1970-03-12,Beginner,Berlin,2021-07-18
58,Lena,Schmidt,F,1992-06-23,Beginner,Berlin,2023-05-16
59,Lena,Klein,M,1968-09-21,Beginner,Leipzig,2022-02-26
60,Nina,Fischer,F,1966-03-06,Intermediate,Berlin,2022-04-23
61,Emily,Lopez,F,1997-12-02,Beginner,Berlin,2022-10-13
62,Lena,Weber,M,1973-05-23,Beginner,Berlin,2022-10-08
63,Sarah,Koch,M,1980-02-29,Intermediate,Leipzig,2021-03-15
64,Nina,Klein,M,2003-12-10,Beginner,Berlin,2023-06-30
65,Sarah,Rossi,M,1978-06-23,Intermediate,Berlin,2021-07-14
66,Nina,Schmidt,M,1976-11-10,Intermediate,Berlin,2023-03-03
67,Emily,Koch,F,2001-09-24,Beginner,Berlin,2023-04-27
68,Anna,Schmidt,M,1969-06-07,Advanced,Berlin,2023-02-22
69,Tom,Chen,Other,1995-05-21,Intermediate,Leipzig,2022-09-26
70,Chris,Klein,M,2004-07-10,Beginner,Potsdam,2021-01-16
71,Anna,Chen,F,2001-01-19,Intermediate,Berlin,2022-01-30
72,Marco,Meyer,F,1991-01-25,Intermediate,Potsdam,2022-10-25
73,Sarah,Chen,F,1977-07-25,Intermediate,Berlin,2022-03-01
74,Marco,Meyer,F,1975-03-05,Beginner,Potsdam,2023-08-04
75,Anna,Meyer,F,1997-10-09,Advanced,Potsdam,2021-12-05
76,Nina,Koch,F,2000-03-12,Beginner,Berlin,2021-11-18
77,Chris,Schmidt,F,1986-01-07,Beginner,Potsdam,2021-10-19
78,Chris,Rossi,F,1974-10-10,Beginner,Berlin,2021-12-31
79,Alex,Chen,M,1969-07-09,Beginner,Berlin,2022-09-03
80,Chris,Klein,M,1968-06-27,Intermediate,Berlin,2023-02-14
81,Tom,Meyer,F,1993-10-06,Beginner,Berlin,2022-12-27
82,Chris,Schmidt,F,1981-10-21,Beginner,Potsdam,2023-06-04
83,Anna,Lopez,F,2001-03-20,Advanced,Leipzig,2023-08-29
84,Alex,Weber,F,1994-08-03,Beginner,Berlin,2023-06-13
85,Anna,Koch,Other,1972-08-26,Beginner,Potsdam,2021-01-21
86,Anna,Rossi,M,1989-07-21,Beginner,Potsdam,2023-03-17
87,Jonas,Becker,M,1982-06-03,Beginner,Berlin,2021-08-17
88,Alex,Koch,M,1988-02-03,Beginner,Berlin,2021-05-26
89,Anna,Lopez,M,1994-07-11,Intermediate,Berlin,2022-12-01
90,Jonas,Weber,F,1997-04-01,Beginner,Berlin,2021-12-17
91,Jonas,Lopez,M,1998-10-02,Beginner,Leipzig,2021-03-04
92,Alex,Chen,F,1975-02-28,Intermediate,Berlin,2021-05-31
93,Marco,Meyer,M,1966-03-31,Intermediate,Potsdam,2021-01-02
94,Nina,Rossi,F,1994-07-29,Beginner,Berlin,2023-09-17
95,Tom,Fischer,F,1969-04-03,Intermediate,Berlin,2021-01-27
96,Nina,Meyer,M,1977-08-06,Beginner,Berlin,2021-08-18
97,Chris,Fischer,F,1965-02-25,Intermediate,Berlin,2022-04-01
98,Tom,Weber,M,1992-04-08,Intermediate,Berlin,2022-01-26
99,Chris,Schmidt,M,1971-09-08,Beginner,Berlin,2023-09-26
100,Anna,Becker,M,1991-03-19,Advanced,Berlin,2021-02-14
101,Sarah,Klein,M,2004-09-02,Beginner,Berlin,2022-07-15
102,Alex,Meyer,M,1967-11-28,Intermediate,Berlin,2023-01-16
103,Tom,Rossi,F,1968-02-01,Beginner,Potsdam,2023-10-18
104,Tom,Lopez,F,1978-08-13,Intermediate,Berlin,2022-11-11
105,Anna,Rossi,F,1999-08-28,Intermediate,Berlin,2023-05-31
106,Marco,Weber,M,1973-08-15,Intermediate,Berlin,2021-04-02
107,Jonas,Fischer,F,1979-06-02,Beginner,Berlin,2022-02-27
108,Anna,Lopez,M,1967-09-28,Intermediate,Leipzig,2022-02-14
109,Lena,Klein,M,1995-07-12,Intermediate,Berlin,2023-08-29
110,Jonas,Klein,F,1981-05-02,Intermediate,Berlin,2021-06-15
111,Alex,Meyer,M,1995-05-16,Intermediate,Potsdam,2021-06-16
112,Jonas,Weber,F,2001-02-22,Intermediate,Berlin,2021-12-26
113,Marco,Schmidt,F,1974-04-24,Beginner,Berlin,2021-03-01
114,Jonas,Weber,M,1997-04-19,Beginner,Berlin,2021-07-19
115,Alex,Fischer,M,1967-05-14,Intermediate,Berlin,2023-11-23
116,Marco,Rossi,M,2000-12-15,Beginner,Berlin,2022-04-14
117,Nina,Klein,F,1991-01-12,Advanced,Berlin,2022-11-24
118,Tom,Rossi,M,1999-12-21,Intermediate,Potsdam,2023-03-07
119,Tom,Rossi,M,1965-01-03,Advanced,Potsdam,2022-02-06
120,Chris,Rossi,M,1971-10-07,Beginner,Berlin,2021-06-11
121,Nina,Klein,F,1980-08-04,Advanced,Berlin,2021-08-15
122,Nina,Koch,M,1980-03-07,Intermediate,Potsdam,2021-12-10
123,Jonas,Chen,M,1974-01-26,Intermediate,Berlin,2022-11-28
124,Tom,Fischer,F,1980-04-07,Intermediate,Potsdam,2022-03-13
125,Alex,Koch,F,1970-02-26,Beginner,Potsdam,2021-01-08
126,Emily,Fischer,M,1981-07-06,Intermediate,Potsdam,2022-07-28
127,Emily,Lopez,M,1997-02-04,Intermediate,Berlin,2023-10-07
128,Marco,Weber,M,1984-03-01,Beginner,Berlin,2023-06-09
129,Tom,Weber,F,1965-09-20,Beginner,Berlin,2023-06-23
130,Tom,Becker,M,1981-11-10,Advanced,Potsdam,2023-05-21
131,Emily,Weber,F,1966-02-02,Advanced,Berlin,2021-12-21
132,Tom,Klein,F,2003-08-26,Advanced,Potsdam,2023-04-18
133,Jonas,Schmidt,F,1970-02-06,Intermediate,Berlin,2021-06-06
134,Lena,Meyer,M,1993-04-23,Beginner,Berlin,2022-12-22
135,Sarah,Becker,F,2003-11-30,Beginner,Berlin,2022-12-04
136,Nina,Meyer,F,1998-01-16,Beginner,Berlin,2021-01-28
137,Chris,Fischer,F,1992-12-21,Beginner,Berlin,2023-05-13
138,Marco,Meyer,M,1998-07-31,Beginner,Berlin,2023-09-17
139,Lena,Meyer,Other,2004-04-10,Beginner,Leipzig,2021-10-20
140,Emily,Becker,M,1989-11-08,Beginner,Berlin,2023-06-09
141,Nina,Lopez,M,1987-05-15,Advanced,Berlin,2021-04-01
142,Tom,Rossi,M,1990-02-17,Beginner,Berlin,2022-10-19
143,Chris,Weber,F,1986-04-23,Advanced,Potsdam,2022-06-16
144,Tom,Weber,M,1990-05-28,Intermediate,Potsdam,2022-08-21
145,Alex,Klein,M,1982-12-30,Beginner,Berlin,2023-10-12
146,Alex,Becker,M,1973-09-27,Beginner,Potsdam,2023-08-13
147,Chris,Klein,M,1969-10-23,Beginner,Potsdam,2023-05-10
148,Chris,Schmidt,F,1967-09-26,Beginner,Berlin,2021-10-27
149,Emily,Schmidt,F,1975-07-15,Intermediate,Berlin,2023-09-26
150,Chris,Klein,M,1966-11-05,Beginner,Berlin,2021-04-17
151,Jonas,Becker,M,1987-09-09,Beginner,Berlin,2023-07-24
152,Tom,Klein,F,1976-05-09,Beginner,Potsdam,2021-12-26
153,Lena,Weber,M,1997-12-25,Advanced,Berlin,2021-02-28
154,Anna,Koch,M,1967-12-21,Intermediate,Leipzig,2023-01-03
155,Chris,Chen,Other,1974-01-20,Intermediate,Berlin,2021-09-11
156,Marco,Meyer,F,1994-03-18,Beginner,Berlin,2021-09-24
157,Alex,Chen,M,1988-12-14,Intermediate,Berlin,2021-12-02
158,Jonas,Becker,F,1967-08-01,Intermediate,Berlin,2021-03-11
159,Nina,Chen,M,2000-02-03,Intermediate,Potsdam,2021-07-13
160,Anna,Schmidt,F,2000-02-03,Advanced,Potsdam,2021-01-06
161,Lena,Fischer,M,1978-03-21,Beginner,Berlin,2022-05-03
162,Anna,Meyer,M,1978-08-14,Advanced,Berlin,2021-04-03
163,Chris,Rossi,M,2004-07-24,Advanced,Berlin,2023-01-18
164,Emily,Becker,F,1990-01-18,Beginner,Berlin,2021-09-16
165,Alex,Meyer,F,1986-04-03,Intermediate,Berlin,2023-10-31
166,Alex,Chen,M,1998-07-12,Advanced,Berlin,2023-08-13
167,Nina,Schmidt,M,1976-05-31,Beginner,Berlin,2021-11-13
168,Emily,Lopez,F,1982-03-03,Intermediate,Leipzig,2023-05-08
169,Tom,Koch,M,1975-09-18,Advanced,Berlin,2023-05-30
170,Sarah,Rossi,M,1996-07-26,Intermediate,Berlin,2023-12-17
171,Jonas,Koch,Other,1987-12-08,Beginner,Berlin,2022-10-17
172,Alex,Meyer,M,1991-05-10,Intermediate,Berlin,2021-03-31
173,Marco,Schmidt,F,1975-02-04,Beginner,Berlin,2022-12-10
174,Alex,Schmidt,Other,1973-10-23,Intermediate,Leipzig,2022-11-16
175,Anna,Chen,M,1984-07-15,Beginner,Potsdam,2022-11-30
176,Alex,Weber,M,1994-07-03,Intermediate,Berlin,2021-12-03
177,Alex,Chen,M,1986-01-04,Intermediate,Berlin,2023-07-31
178,Sarah,Weber,F,1966-04-22,Intermediate,Berlin,2023-11-17
179,Sarah,Weber,F,1999-09-29,Intermediate,Potsdam,2021-08-27
180,Lena,Rossi,F,1967-08-04,Intermediate,Berlin,2021-04-07
181,Tom,Chen,M,2003-03-27,Intermediate,Berlin,2021-08-02
182,Marco,Lopez,F,1966-01-03,Beginner,Berlin,2023-06-18
183,Alex,Klein,F,1992-10-11,Intermediate,Berlin,2023-01-11
184,Alex,Klein,F,1968-04-16,Beginner,Berlin,2022-11-28
185,Jonas,Chen,F,2001-06-05,Advanced,Leipzig,2022-03-16
186,Sarah,Chen,F,1983-07-31,Beginner,Berlin,2022-09-25
187,Marco,Koch,F,1970-07-03,Beginner,Berlin,2021-12-04
188,Nina,Rossi,F,1978-08-20,Intermediate,Berlin,2022-06-07
189,Lena,Chen,M,1971-08-06,Intermediate,Potsdam,2023-05-19
190,Tom,Koch,M,1971-10-29,Beginner,Leipzig,2023-12-11
191,Emily,Weber,F,2002-12-04,Intermediate,Berlin,2023-10-19
192,Tom,Schmidt,M,1982-10-24,Intermediate,Potsdam,2023-10-20
193,Anna,Schmidt,F,1996-07-21,Intermediate,Berlin,2022-03-17
194,Alex,Weber,Other,1990-08-02,Beginner,Berlin,2022-05-29
195,Lena,Becker,F,1992-01-22,Intermediate,Berlin,2023-02-12
196,Anna,Koch,M,1970-04-09,Intermediate,Berlin,2023-10-07
197,Marco,Koch,M,1974-05-15,Intermediate,Berlin,2021-06-05
198,Emily,Weber,M,1996-06-21,Intermediate,Berlin,2021-11-30
199,Sarah,Lopez,F,2003-10-31,Intermediate,Berlin,2021-06-02
200,Lena,Fischer,F,1975-07-05,Beginner,Leipzig,2022-11-02
201,Lena,Meyer,F,1975-11-12,Beginner,Berlin,2021-12-02
202,Alex,Weber,M,1983-12-02,Beginner,Berlin,2021-12-24
203,Chris,Chen,F,2004-05-09,Beginner,Berlin,2021-03-19
204,Lena,Chen,F,1975-10-05,Beginner,Potsdam,2022-01-19
205,Jonas,Rossi,M,1981-04-12,Intermediate,Berlin,2023-08-03
206,Emily,Weber,F,2000-08-29,Beginner,Berlin,2021-09-13
207,Emily,Rossi,M,1965-02-12,Advanced,Leipzig,2023-02-01
208,Jonas,Weber,M,1966-08-04,Beginner,Berlin,2022-11-21
209,Nina,Koch,F,1989-03-01,Intermediate,Berlin,2023-08-04
210,Jonas,Meyer,M,2001-04-18,Intermediate,Potsdam,2021-05-25
211,Jonas,Koch,F,1974-07-22,Beginner,Berlin,2023-12-07
212,Emily,Fischer,F,1983-10-15,Beginner,Berlin,2022-09-30
213,Tom,Schmidt,F,1983-01-08,Intermediate,Berlin,2023-12-27
214,Emily,Klein,M,1983-12-03,Beginner,Berlin,2023-09-26
215,Chris,Weber,F,1989-11-26,Advanced,Berlin,2021-08-31
216,Alex,Fischer,F,1983-10-16,Intermediate,Berlin,2021-03-03
217,Anna,Schmidt,F,1982-11-25,Advanced,Berlin,2021-10-07
218,Tom,Becker,M,1983-12-22,Beginner,Berlin,2022-08-01
219,Sarah,Meyer,M,1988-08-20,Intermediate,Potsdam,2021-07-07
220,Anna,Rossi,F,1986-06-25,Intermediate,Berlin,2021-07-03
221,Alex,Rossi,M,1999-03-02,Intermediate,Berlin,2022-05-22
222,Chris,Koch,F,1966-12-25,Beginner,Potsdam,2021-02-06
223,Chris,Chen,F,1998-05-02,Intermediate,Berlin,2021-05-14
224,Sarah,Schmidt,F,1998-10-04,Intermediate,Berlin,2022-04-01
225,Tom,Becker,F,1976-05-25,Intermediate,Leipzig,2021-03-11
226,Nina,Fischer,F,1983-07-08,Beginner,Berlin,2022-03-11
227,Jonas,Meyer,F,1982-07-18,Advanced,Berlin,2022-06-04
228,Tom,Schmidt,F,1973-09-28,Beginner,Potsdam,2022-05-10
229,Nina,Becker,F,1980-11-15,Intermediate,Berlin,2023-08-10
230,Chris,Klein,M,1966-10-11,Advanced,Berlin,2022-08-04
231,Emily,Weber,M,1976-02-11,Intermediate,Berlin,2022-05-28
232,Alex,Rossi,F,1997-09-01,Intermediate,Berlin,2022-03-26
233,Sarah,Fischer,M,1976-05-20,Beginner,Berlin,2023-06-15
234,Alex,Rossi,M,1997-09-23,Advanced,Leipzig,2023-09-08
235,Marco,Fischer,M,1986-04-07,Beginner,Berlin,2023-07-24
236,Marco,Koch,F,2000-03-12,Intermediate,Potsdam,2023-01-08
237,Tom,Chen,F,1987-12-29,Intermediate,Berlin,2021-05-31
238,Chris,Fischer,F,1966-03-10,Intermediate,Potsdam,2021-10-31
239,Chris,Rossi,F,1992-01-07,Beginner,Potsdam,2021-02-20
240,Jonas,Koch,F,1966-10-18,Intermediate,Berlin,2023-10-17
241,Jonas,Fischer,M,1983-01-10,Intermediate,Berlin,2022-12-25
242,Jonas,Klein,F,2002-03-06,Beginner,Berlin,2023-03-29
243,Emily,Chen,M,1971-08-11,Advanced,Berlin,2021-12-08
244,Anna,Fischer,F,1980-08-06,Beginner,Potsdam,2023-07-15
245,Lena,Koch,F,1994-03-13,Beginner,Potsdam,2021-10-12
246,Anna,Schmidt,M,2000-04-16,Beginner,Berlin,2021-01-02
247,Alex,Lopez,M,1991-11-03,Beginner,Berlin,2022-02-17
248,Anna,Becker,M,1975-04-30,Advanced,Berlin,2022-09-17
249,Emily,Lopez,M,1991-12-27,Beginner,Berlin,2022-06-09
250,Alex,Lopez,M,1976-11-14,Beginner,Berlin,2023-08-02
251,Anna,Meyer,F,1993-09-27,Beginner,Potsdam,2021-04-26
252,Emily,Klein,F,2003-03-01,Intermediate,Leipzig,2022-08-30
253,Lena,Schmidt,F,1993-11-09,Intermediate,Berlin,2022-07-16
254,Anna,Weber,F,1999-07-08,Beginner,Berlin,2021-11-05
255,Emily,Fischer,F,1965-01-31,Beginner,Berlin,2023-06-20
256,Jonas,Becker,F,1993-09-14,Advanced,Berlin,2023-04-05
257,Chris,Chen,M,1998-03-09,Beginner,Berlin,2023-03-14
258,Jonas,Schmidt,F,1966-08-16,Intermediate,Berlin,2023-08-18
259,Chris,Rossi,M,1999-11-13,Beginner,Potsdam,2023-03-03
260,Sarah,Weber,Other,1975-04-09,Intermediate,Berlin,2021-09-11
261,Sarah,Meyer,F,1991-08-12,Beginner,Berlin,2023-02-12
262,Sarah,Meyer,F,1997-01-06,Intermediate,Leipzig,2021-12-03
263,Lena,Schmidt,M,1991-07-05,Beginner,Potsdam,2021-09-23
264,Jonas,Koch,F,1968-09-10,Advanced,Berlin,2021-03-21
265,Chris,Lopez,F,1988-11-08,Beginner,Berlin,2023-03-26
266,Emily,Rossi,M,1986-12-26,Intermediate,Berlin,2023-02-18
267,Alex,Meyer,M,2001-01-05,Beginner,Potsdam,2021-09-14
268,Emily,Becker,F,1981-03-03,Beginner,Potsdam,2023-04-01
269,Alex,Meyer,M,1977-11-04,Intermediate,Berlin,2023-10-03
270,Marco,Chen,F,1994-12-30,Beginner,Berlin,2021-04-29
271,Emily,Fischer,M,1981-07-05,Advanced,Potsdam,2021-09-12
272,Anna,Meyer,M,1990-11-05,Advanced,Berlin,2023-04-02
273,Anna,Chen,F,1990-11-10,Advanced,Berlin,2021-10-28
274,Tom,Schmidt,M,2000-07-10,Beginner,Berlin,2022-11-16
275,Jonas,Schmidt,F,1988-12-12,Intermediate,Berlin,2021-03-30
276,Alex,Weber,M,1985-02-01,Beginner,Berlin,2022-05-11
277,Alex,Meyer,M,1970-07-22,Advanced,Potsdam,2023-03-21
278,Jonas,Becker,F,1969-08-18,Intermediate,Leipzig,2023-01-22
279,Lena,Meyer,F,1971-03-05,Intermediate,Berlin,2023-06-12
280,Tom,Becker,F,1971-11-16,Intermediate,Berlin,2023-08-19
281,Lena,Klein,F,1990-07-08,Intermediate,Berlin,2023-04-27
282,Lena,Weber,F,1994-08-22,Beginner,Berlin,2023-01-06
283,Lena,Klein,M,1986-03-15,Intermediate,Berlin,2021-02-04
284,Jonas,Meyer,M,1998-02-28,Beginner,Leipzig,2022-08-09
285,Lena,Weber,F,2004-08-26,Intermediate,Berlin,2021-02-11
286,Anna,Klein,F,1997-10-20,Intermediate,Berlin,2023-06-04
287,Sarah,Lopez,F,1992-10-18,Intermediate,Berlin,2021-12-18
288,Marco,Meyer,M,1986-04-20,Beginner,Potsdam,2022-09-08
289,Alex,Klein,M,1982-12-15,Intermediate,Potsdam,2021-11-02
290,Alex,Lopez,F,1968-05-17,Beginner,Leipzig,2023-05-07
291,Marco,Lopez,F,1980-12-22,Intermediate,Potsdam,2023-08-29
292,Jonas,Schmidt,F,2001-05-29,Beginner,Berlin,2022-03-13
293,Emily,Meyer,F,1997-04-28,Beginner,Berlin,2023-08-03
294,Jonas,Lopez,F,1973-08-23,Beginner,Berlin,2021-10-20
295,Alex,Schmidt,M,1983-09-01,Intermediate,Berlin,2022-08-09
296,Alex,Klein,M,1997-09-02,Beginner,Berlin,2023-07-30
297,Marco,Chen,M,1967-09-12,Beginner,Berlin,2021-12-23
298,Lena,Meyer,M,1980-06-30,Advanced,Berlin,2023-11-11
299,Jonas,Weber,F,1999-01-28,Beginner,Berlin,2021-05-14
300,Chris,Becker,M,1981-02-26,Intermediate,Berlin,2021-01-21
301,Marco,Becker,F,1968-02-08,Intermediate,Potsdam,2023-09-18
302,Anna,Klein,M,1986-09-14,Advanced,Berlin,2021-03-17
303,Alex,Koch,M,1999-06-22,Intermediate,Berlin,2023-12-23
304,Marco,Koch,M,1988-08-12,Intermediate,Berlin,2023-11-08
305,Jonas,Klein,M,1974-01-19,Intermediate,Berlin,2021-05-31
306,Alex,Lopez,F,1980-05-15,Beginner,Berlin,2022-08-12
307,Emily,Meyer,M,1983-01-03,Intermediate,Berlin,2021-07-22
308,Marco,Becker,F,1988-03-04,Beginner,Berlin,2022-04-14
309,Tom,Becker,M,1995-05-18,Advanced,Berlin,2021-03-09
310,Alex,Lopez,M,1968-12-15,Beginner,Berlin,2021-09-03
311,Jonas,Becker,M,2000-08-02,Intermediate,Berlin,2022-02-02
312,Sarah,Weber,F,1965-06-29,Beginner,Berlin,2022-04-26
313,Chris,Meyer,F,1979-10-21,Intermediate,Berlin,2023-12-07
314,Nina,Fischer,M,1966-02-05,Beginner,Berlin,2023-06-04
315,Lena,Becker,M,1980-09-20,Advanced,Berlin,2023-03-19
316,Nina,Klein,F,1986-01-13,Intermediate,Berlin,2022-08-12
317,Jonas,Weber,M,1985-06-20,Beginner,Berlin,2023-07-09
318,Anna,Becker,M,1971-08-17,Intermediate,Berlin,2022-01-07
319,Anna,Weber,F,1990-10-31,Intermediate,Berlin,2023-02-16
320,Sarah,Schmidt,F,1966-10-17,Intermediate,Potsdam,2023-12-25
321,Lena,Fischer,M,1995-06-24,Beginner,Potsdam,2021-12-11
322,Tom,Rossi,F,2002-11-13,Beginner,Potsdam,2023-01-09
323,Sarah,Klein,F,1978-08-05,Beginner,Berlin,2023-07-14
324,Nina,Klein,M,1985-09-09,Beginner,Berlin,2023-09-30
325,Sarah,Meyer,F,1980-02-27,Advanced,Berlin,2023-02-26
326,Nina,Weber,F,1965-04-09,Beginner,Berlin,2021-11-07
327,Alex,Lopez,M,1980-06-08,Intermediate,Berlin,2021-12-24
328,Anna,Klein,M,1996-09-02,Beginner,Berlin,2021-01-23
329,Alex,Weber,M,1988-11-03,Intermediate,Leipzig,2023-04-14
330,Chris,Weber,F,1969-01-19,Intermediate,Berlin,2021-02-16
331,Lena,Chen,M,1998-11-20,Advanced,Potsdam,2023-08-05
332,Tom,Chen,F,1986-03-31,Beginner,Berlin,2021-05-10
333,Nina,Rossi,F,1998-09-02,Intermediate,Berlin,2021-07-08
334,Tom,Schmidt,M,1988-03-18,Beginner,Berlin,2022-06-06
335,Nina,Rossi,F,1987-05-23,Beginner,Berlin,2023-03-19
336,Jonas,Becker,M,1969-03-18,Beginner,Potsdam,2021-06-02
337,Sarah,Lopez,F,1971-09-12,Intermediate,Berlin,2022-04-27
338,Chris,Becker,F,2003-11-19,Beginner,Berlin,2022-06-13
339,Anna,Koch,M,1974-02-21,Intermediate,Potsdam,2021-08-21
340,Nina,Becker,M,2004-02-06,Beginner,Berlin,2021-05-07
341,Tom,Meyer,M,1986-04-12,Intermediate,Leipzig,2023-07-05
342,Chris,Becker,M,1970-06-07,Beginner,Berlin,2022-07-05
343,Emily,Rossi,M,1968-12-21,Intermediate,Berlin,2021-01-16
344,Emily,Klein,M,1973-05-10,Advanced,Berlin,2023-05-30
345,Alex,Klein,Other,2002-01-10,Intermediate,Berlin,2023-12-10
346,Anna,Chen,M,1981-07-26,Intermediate,Berlin,2022-10-26
347,Jonas,Lopez,M,1980-10-26,Beginner,Berlin,2022-07-06
348,Tom,Lopez,F,1977-07-12,Intermediate,Potsdam,2023-08-20
349,Sarah,Meyer,M,1970-11-19,Beginner,Potsdam,2023-11-10
350,Sarah,Rossi,Other,1984-07-07,Beginner,Berlin,2023-04-07
351,Tom,Chen,F,1970-03-15,Intermediate,Berlin,2022-05-03
352,Lena,Koch,F,1998-06-03,Advanced,Berlin,2022-10-11
353,Jonas,Lopez,M,1979-10-26,Beginner,Berlin,2023-02-07
354,Chris,Klein,M,1979-12-29,Intermediate,Berlin,2021-08-01
355,Nina,Becker,M,1983-12-18,Intermediate,Berlin,2022-05-05
356,Lena,Becker,F,1982-10-07,Beginner,Berlin,2023-06-28
357,Nina,Chen,M,2004-10-17,Beginner,Berlin,2022-12-18
358,Nina,Rossi,M,1986-10-26,Beginner,Leipzig,2022-03-27
359,Lena,Rossi,Other,1968-07-12,Beginner,Berlin,2022-12-28
360,Alex,Schmidt,M,1989-04-11,Beginner,Berlin,2021-05-10
361,Emily,Fischer,M,1971-01-24,Beginner,Berlin,2022-03-16
362,Nina,Lopez,M,1966-03-28,Beginner,Berlin,2023-05-19
363,Lena,Rossi,Other,2003-10-31,Intermediate,Berlin,2021-08-30
364,Lena,Klein,M,1995-12-11,Intermediate,Berlin,2021-07-23
365,Marco,Chen,F,2004-03-16,Advanced,Potsdam,2023-11-08
366,Alex,Koch,F,1984-02-12,Beginner,Berlin,2021-08-18
367,Anna,Schmidt,M,1986-04-17,Intermediate,Berlin,2021-10-13
368,Marco,Weber,F,1971-09-26,Advanced,Leipzig,2023-11-28
369,Marco,Meyer,M,1974-11-17,Intermediate,Potsdam,2023-03-16
370,Tom,Koch,M,1998-07-18,Beginner,Berlin,2023-02-06
371,Emily,Weber,F,1979-04-01,Intermediate,Berlin,2023-07-23
372,Lena,Becker,F,1998-01-27,Beginner,Berlin,2021-05-07
373,Emily,Meyer,F,1993-05-12,Beginner,Berlin,2023-02-13
374,Jonas,Lopez,F,1972-02-02,Intermediate,Berlin,2022-07-06
375,Tom,Klein,M,1985-04-19,Intermediate,Berlin,2023-06-27
376,Anna,Meyer,M,1992-02-05,Beginner,Berlin,2022-07-11
377,Emily,Fischer,M,1974-05-27,Advanced,Berlin,2022-11-11
378,Sarah,Weber,M,1998-03-25,Intermediate,Berlin,2022-06-08
379,Nina,Lopez,M,1986-10-17,Intermediate,Berlin,2022-06-08
380,Jonas,Fischer,M,1971-08-12,Advanced,Berlin,2023-04-21
381,Alex,Becker,M,1988-04-27,Beginner,Berlin,2022-11-20
382,Anna,Fischer,M,2004-12-27,Advanced,Berlin,2022-11-25
383,Jonas,Schmidt,F,1971-01-09,Intermediate,Berlin,2022-05-09
384,Nina,Schmidt,F,1997-09-02,Beginner,Berlin,2022-08-05
385,Tom,Chen,M,1973-04-17,Intermediate,Berlin,2023-03-28
386,Nina,Koch,F,1996-04-18,Intermediate,Berlin,2023-06-24
387,Marco,Koch,F,1994-05-21,Intermediate,Berlin,2023-02-02
388,Nina,Lopez,M,1977-01-08,Advanced,Potsdam,2023-10-09
389,Marco,Becker,F,1978-01-13,Intermediate,Potsdam,2023-06-18
390,Tom,Rossi,F,1996-09-13,Intermediate,Berlin,2022-09-08
391,Chris,Schmidt,F,1983-06-17,Advanced,Berlin,2023-01-06
392,Marco,Lopez,M,1994-03-27,Intermediate,Berlin,2023-10-12
393,Alex,Rossi,F,1970-12-03,Beginner,Berlin,2022-11-09
394,Nina,Koch,M,1999-02-07,Advanced,Berlin,2023-06-23
395,Nina,Chen,F,1993-06-09,Beginner,Leipzig,2023-01-25
396,Alex,Fischer,F,2001-04-12,Intermediate,Berlin,2022-08-28
397,Sarah,Schmidt,F,1970-04-18,Advanced,Berlin,2021-09-22
398,Lena,Lopez,F,1988-09-20,Intermediate,Potsdam,2022-04-12
399,Chris,Meyer,F,1988-12-19,Intermediate,Leipzig,2023-11-26
400,Anna,Rossi,M,1979-02-21,Intermediate,Potsdam,2022-12-22
401,Marco,Fischer,M,1983-05-05,Intermediate,Berlin,2022-09-11
402,Alex,Schmidt,F,1966-07-09,Advanced,Berlin,2023-10-19
403,Tom,Koch,M,1994-11-02,Beginner,Berlin,2022-10-05
404,Marco,Becker,M,1986-12-22,Beginner,Berlin,2022-07-31
405,Lena,Rossi,M,1967-04-24,Beginner,Berlin,2023-04-12
406,Tom,Koch,M,1992-03-25,Intermediate,Berlin,2023-02-20
407,Jonas,Schmidt,F,1983-09-03,Intermediate,Leipzig,2021-07-31
408,Nina,Rossi,F,1966-05-19,Intermediate,Berlin,2022-06-01
409,Jonas,Fischer,F,2003-10-14,Beginner,Berlin,2022-06-02
410,Marco,Schmidt,F,2002-12-19,Intermediate,Berlin,2022-02-19
411,Lena,Weber,M,1985-07-08,Beginner,Berlin,2022-07-21
412,Chris,Lopez,M,1968-09-30,Beginner,Berlin,2022-03-29
413,Marco,Fischer,F,1995-03-10,Intermediate,Berlin,2021-08-07
414,Alex,Rossi,M,1984-09-05,Beginner,Berlin,2022-03-28
415,Emily,Becker,F,1977-02-05,Beginner,Potsdam,2021-03-21
416,Marco,Koch,F,1984-08-28,Beginner,Berlin,2022-09-23
417,Nina,Meyer,M,1985-11-24,Beginner,Leipzig,2023-07-24
418,Nina,Koch,F,1987-07-06,Intermediate,Berlin,2023-03-06
419,Marco,Rossi,F,1982-08-26,Beginner,Berlin,2022-01-30
420,Tom,Koch,F,1989-03-26,Intermediate,Berlin,2021-04-06
421,Emily,Lopez,M,2001-10-01,Intermediate,Berlin,2021-08-10
422,Alex,Schmidt,M,1979-06-29,Intermediate,Berlin,2022-08-21
423,Marco,Meyer,F,1994-01-11,Advanced,Berlin,2021-08-15
424,Tom,Klein,M,2000-10-11,Intermediate,Potsdam,2022-08-19
425,Nina,Rossi,M,1983-03-29,Intermediate,Potsdam,2021-09-11
426,Nina,Chen,F,1982-09-27,Advanced,Berlin,2023-07-19
427,Lena,Klein,M,1989-01-31,Beginner,Potsdam,2022-03-12
428,Marco,Koch,F,1988-08-28,Advanced,Berlin,2021-09-26
429,Emily,Rossi,F,1997-04-07,Beginner,Potsdam,2023-06-09
430,Sarah,Weber,F,1984-01-23,Beginner,Berlin,2022-01-11
431,Emily,Chen,M,2004-11-05,Beginner,Berlin,2021-05-03
432,Nina,Meyer,F,1967-05-19,Intermediate,Potsdam,2022-09-17
433,Nina,Becker,M,1965-02-16,Intermediate,Berlin,2022-09-29
434,Jonas,Weber,M,1990-08-11,Intermediate,Potsdam,2023-02-22
435,Nina,Klein,F,1976-12-09,Beginner,Berlin,2021-09-21
436,Alex,Schmidt,M,1974-08-13,Beginner,Berlin,2022-05-01
437,Anna,Lopez,M,1977-06-23,Beginner,Berlin,2021-11-06
438,Marco,Becker,F,1975-03-30,Beginner,Berlin,2021-03-30
439,Emily,Weber,M,1966-03-26,Advanced,Berlin,2023-08-18
440,Anna,Schmidt,M,2003-11-12,Beginner,Potsdam,2023-03-10
441,Tom,Schmidt,F,1973-10-31,Intermediate,Berlin,2021-11-27
442,Sarah,Rossi,F,1994-05-13,Intermediate,Potsdam,2022-10-19
443,Alex,Weber,F,1995-07-04,Beginner,Potsdam,2021-08-09
444,Emily,Meyer,M,2002-03-04,Intermediate,Berlin,2023-09-02
445,Anna,Koch,M,1966-03-23,Beginner,Potsdam,2021-05-06
446,Sarah,Chen,M,1999-11-19,Beginner,Leipzig,2021-01-05
447,Jonas,Chen,M,1986-02-02,Beginner,Potsdam,2022-07-04
448,Alex,Klein,F,1990-04-21,Intermediate,Potsdam,2022-10-01
449,Alex,Klein,M,1990-10-12,Beginner,Leipzig,2022-09-26
450,Jonas,Chen,M,1997-10-17,Intermediate,Berlin,2021-03-01
451,Marco,Meyer,F,1978-05-04,Intermediate,Berlin,2021-12-10
452,Jonas,Lopez,F,1994-04-28,Beginner,Potsdam,2022-07-01
453,Alex,Fischer,F,1986-02-22,Intermediate,Berlin,2021-08-26
454,Alex,Koch,M,1996-09-26,Intermediate,Berlin,2023-08-14
455,Anna,Lopez,M,2004-08-15,Beginner,Berlin,2021-04-06
456,Nina,Rossi,M,1973-01-10,Beginner,Potsdam,2022-06-18
457,Sarah,Fischer,M,2004-10-14,Intermediate,Berlin,2023-01-28
458,Jonas,Fischer,F,1968-08-05,Beginner,Leipzig,2021-10-14
459,Sarah,Weber,F,1965-02-03,Intermediate,Berlin,2022-11-15
460,Jonas,Meyer,F,1966-10-08,Beginner,Berlin,2023-06-28
461,Tom,Meyer,F,1978-09-03,Beginner,Berlin,2021-07-28
462,Alex,Fischer,M,1990-04-26,Beginner,Berlin,2023-10-02
463,Nina,Weber,F,1967-10-06,Beginner,Berlin,2022-08-30
464,Anna,Koch,M,1965-03-24,Intermediate,Leipzig,2021-11-24
465,Nina,Fischer,F,2002-06-26,Beginner,Potsdam,2022-04-17
466,Nina,Becker,F,1997-11-17,Intermediate,Berlin,2021-12-08
467,Nina,Klein,M,1997-05-15,Advanced,Berlin,2023-03-05
468,Sarah,Klein,M,2000-05-18,Intermediate,Potsdam,2023-05-22
469,Jonas,Lopez,Other,1993-01-01,Intermediate,Leipzig,2023-07-02
470,Chris,Rossi,M,1969-03-06,Beginner,Berlin,2023-12-16
471,Tom,Klein,M,1980-12-18,Beginner,Berlin,2023-05-17
472,Emily,Schmidt,M,1993-12-05,Intermediate,Berlin,2022-10-21
473,Nina,Lopez,F,1976-03-19,Beginner,Potsdam,2022-01-07
474,Marco,Klein,F,1992-07-01,Intermediate,Berlin,2022-08-20
475,Sarah,Rossi,F,1965-12-24,Beginner,Berlin,2021-02-14
476,Anna,Meyer,M,1977-03-31,Intermediate,Berlin,2023-03-27
477,Emily,Meyer,F,1986-12-19,Advanced,Potsdam,2022-05-04
478,Chris,Koch,M,1990-04-14,Advanced,Berlin,2021-01-22
479,Marco,Fischer,F,1988-01-31,Intermediate,Berlin,2021-03-10
480,Chris,Becker,F,1992-11-29,Intermediate,Berlin,2022-03-01
481,Emily,Meyer,M,1965-03-30,Intermediate,Berlin,2022-10-01
482,Nina,Weber,M,1969-01-14,Intermediate,Berlin,2022-05-24
483,Marco,Klein,M,1999-10-05,Beginner,Potsdam,2022-11-10
484,Chris,Weber,M,1992-04-09,Beginner,Potsdam,2022-06-10
485,Anna,Rossi,M,1969-07-08,Intermediate,Potsdam,2022-12-26
486,Jonas,Meyer,F,1998-09-07,Advanced,Potsdam,2021-08-28
487,Alex,Becker,F,1974-09-09,Beginner,Berlin,2021-05-04
488,Jonas,Rossi,M,1984-02-18,Intermediate,Potsdam,2022-10-16
489,Emily,Schmidt,M,1970-10-23,Intermediate,Berlin,2022-06-15
490,Sarah,Schmidt,M,1993-05-28,Intermediate,Berlin,2021-01-30
491,Alex,Weber,F,1991-09-04,Intermediate,Leipzig,2022-02-21
492,Tom,Fischer,M,1973-06-12,Beginner,Berlin,2021-04-27
493,Anna,Lopez,F,1999-07-16,Intermediate,Berlin,2022-08-05
494,Tom,Fischer,F,1981-01-20,Intermediate,Berlin,2022-03-10
495,Marco,Koch,F,1976-09-13,Intermediate,Berlin,2022-11-03
496,Alex,Fischer,F,1971-02-04,Beginner,Berlin,2023-06-02
497,Tom,Koch,M,1975-08-25,Intermediate,Potsdam,2021-11-25
498,Tom,Koch,F,1965-11-18,Intermediate,Leipzig,2023-11-20
499,Chris,Becker,M,1988-05-01,Beginner,Berlin,2022-08-10
500,Jonas,Meyer,M,1998-09-09,Intermediate,Berlin,2022-11-09
501,Chris,Becker,F,1986-12-17,Intermediate,Berlin,2023-01-16
502,Alex,Koch,F,1973-10-09,Intermediate,Potsdam,2023-01-01
503,Alex,Rossi,F,1966-05-07,Advanced,Berlin,2022-07-14
504,Emily,Schmidt,M,1973-08-02,Intermediate,Berlin,2022-04-15
505,Chris,Koch,M,1981-08-24,Intermediate,Berlin,2021-02-28
506,Lena,Becker,F,1995-05-21,Intermediate,Berlin,2021-01-25
507,Jonas,Rossi,M,1972-07-07,Beginner,Berlin,2022-01-27
508,Alex,Becker,F,1993-10-17,Beginner,Potsdam,2022-01-01
509,Emily,Fischer,F,1999-09-05,Intermediate,Berlin,2022-03-01
510,Chris,Klein,F,1983-02-28,Beginner,Berlin,2021-06-01
511,Jonas,Weber,M,1997-11-10,Beginner,Berlin,2023-03-20
512,Chris,Lopez,M,1987-03-10,Advanced,Potsdam,2023-07-28
513,Tom,Becker,M,1990-06-26,Intermediate,Berlin,2023-10-25
514,Emily,Lopez,F,1986-01-19,Intermediate,Berlin,2022-06-24
515,Jonas,Chen,M,1983-07-12,Advanced,Berlin,2023-02-07
516,Nina,Becker,F,1974-05-22,Intermediate,Berlin,2023-07-26
517,Marco,Klein,M,1977-02-16,Beginner,Potsdam,2022-04-04
518,Marco,Lopez,Other,1976-08-07,Beginner,Berlin,2021-12-05
519,Jonas,Koch,M,1987-07-14,Intermediate,Leipzig,2023-10-23
520,Chris,Becker,M,1969-10-19,Intermediate,Berlin,2022-07-19
521,Emily,Meyer,M,2001-09-03,Beginner,Potsdam,2022-06-29
522,Marco,Weber,F,1993-10-29,Intermediate,Berlin,2021-07-15
523,Emily,Klein,F,1981-01-22,Beginner,Potsdam,2021-04-29
524,Marco,Lopez,F,1971-05-07,Intermediate,Berlin,2023-07-12
525,Tom,Klein,M,2000-04-12,Intermediate,Berlin,2022-11-04
526,Chris,Rossi,M,1997-12-14,Intermediate,Potsdam,2021-12-23
527,Tom,Weber,F,1993-11-14,Advanced,Berlin,2021-07-29
528,Marco,Koch,M,1975-11-12,Intermediate,Berlin,2022-09-01
529,Nina,Becker,M,1981-02-05,Advanced,Berlin,2022-10-02
530,Nina,Becker,Other,1969-02-10,Advanced,Berlin,2021-08-15
531,Tom,Becker,Other,1972-07-24,Intermediate,Berlin,2023-07-22
532,Nina,Weber,F,1996-04-27,Intermediate,Berlin,2021-04-03
533,Marco,Meyer,F,1993-08-08,Beginner,Berlin,2022-01-25
534,Jonas,Chen,M,1988-09-27,Intermediate,Potsdam,2023-01-16
535,Tom,Schmidt,M,2000-10-30,Intermediate,Berlin,2021-10-28
536,Sarah,Fischer,F,1988-05-01,Beginner,Potsdam,2023-06-26
537,Chris,Lopez,F,1983-09-06,Beginner,Leipzig,2023-03-22
538,Nina,Meyer,M,1978-08-13,Advanced,Berlin,2023-05-14
539,Nina,Koch,M,2002-08-14,Advanced,Berlin,2021-05-11
540,Alex,Lopez,M,1968-04-23,Intermediate,Berlin,2021-06-03
541,Lena,Becker,F,2002-03-28,Beginner,Berlin,2021-11-10
542,Tom,Klein,F,1998-01-26,Beginner,Leipzig,2022-07-22
543,Anna,Koch,F,1970-03-14,Beginner,Berlin,2023-03-31
544,Nina,Lopez,M,1987-08-08,Beginner,Berlin,2023-07-06
545,Chris,Becker,Other,1999-08-31,Beginner,Berlin,2023-02-11
546,Sarah,Lopez,F,1987-11-16,Beginner,Berlin,2023-10-14
547,Nina,Klein,M,2001-04-16,Advanced,Berlin,2023-03-20
548,Sarah,Becker,M,2002-09-20,Intermediate,Berlin,2021-12-02
549,Marco,Chen,M,1981-11-24,Beginner,Leipzig,2021-10-18
550,Marco,Meyer,M,1980-02-04,Beginner,Berlin,2023-02-02
551,Lena,Rossi,F,2002-06-15,Intermediate,Berlin,2021-07-31
552,Jonas,Fischer,M,1992-01-03,Beginner,Potsdam,2021-04-12
553,Anna,Weber,F,1969-08-23,Advanced,Berlin,2022-08-06
554,Alex,Fischer,M,1966-09-10,Beginner,Leipzig,2023-06-19
555,Lena,Koch,M,1987-08-03,Beginner,Leipzig,2021-04-22
556,Emily,Fischer,M,2002-03-17,Beginner,Potsdam,2023-05-18
557,Alex,Becker,M,1998-10-09,Beginner,Potsdam,2023-06-08
558,Tom,Chen,F,1992-01-14,Intermediate,Berlin,2022-06-13
559,Chris,Rossi,F,1970-07-26,Intermediate,Leipzig,2021-03-04
560,Emily,Meyer,F,1975-03-04,Intermediate,Berlin,2021-07-11
561,Emily,Meyer,F,2000-01-09,Beginner,Potsdam,2023-02-14
562,Lena,Klein,M,1972-04-24,Intermediate,Leipzig,2023-02-19
563,Jonas,Weber,M,1976-02-20,Intermediate,Leipzig,2023-09-11
564,Lena,Lopez,M,1970-03-09,Advanced,Potsdam,2022-10-01
565,Tom,Chen,F,1992-01-17,Beginner,Berlin,2021-05-16
566,Nina,Lopez,M,2002-10-05,Beginner,Leipzig,2021-05-13
567,Nina,Rossi,M,1975-10-05,Intermediate,Berlin,2023-03-01
568,Jonas,Fischer,F,1984-01-07,Intermediate,Leipzig,2021-07-21
569,Tom,Meyer,M,1990-05-17,Intermediate,Berlin,2021-12-26
570,Jonas,Rossi,M,2004-12-24,Beginner,Berlin,2022-06-18
571,Sarah,Fischer,M,1969-03-12,Intermediate,Berlin,2021-01-28
572,Nina,Meyer,F,1984-12-11,Advanced,Berlin,2021-09-30
573,Emily,Fischer,F,1980-05-28,Intermediate,Potsdam,2022-03-23
574,Anna,Weber,F,1999-08-20,Advanced,Berlin,2021-11-03
575,Chris,Chen,M,1984-01-15,Intermediate,Berlin,2021-05-30
576,Tom,Koch,Other,1969-06-10,Advanced,Berlin,2023-03-09
577,Alex,Rossi,F,1990-05-18,Intermediate,Potsdam,2023-06-10
578,Jonas,Rossi,M,1995-11-01,Beginner,Berlin,2021-10-09
579,Chris,Schmidt,F,1965-02-12,Advanced,Berlin,2023-04-28
580,Alex,Becker,M,1999-05-12,Beginner,Berlin,2022-02-27
581,Chris,Weber,F,1972-06-10,Advanced,Berlin,2022-07-09
582,Anna,Weber,F,1987-01-31,Intermediate,Berlin,2023-07-27
583,Alex,Lopez,M,1981-08-19,Beginner,Berlin,2023-04-02
584,Lena,Fischer,Other,1993-10-15,Intermediate,Berlin,2023-06-01
585,Marco,Becker,F,1979-11-06,Advanced,Leipzig,2021-05-30
586,Lena,Chen,F,1999-10-17,Beginner,Potsdam,2021-03-18
587,Nina,Chen,M,1994-03-22,Intermediate,Berlin,2023-09-06
588,Marco,Weber,M,1990-11-29,Intermediate,Leipzig,2022-03-01
589,Lena,Chen,M,1996-11-07,Intermediate,Berlin,2021-11-12
590,Marco,Schmidt,F,1995-03-01,Beginner,Berlin,2023-03-05
591,Marco,Rossi,M,1966-06-10,Beginner,Berlin,2023-07-05
592,Emily,Klein,F,1980-10-16,Beginner,Berlin,2023-08-03
593,Jonas,Koch,F,2002-03-27,Intermediate,Berlin,2021-12-13
594,Jonas,Lopez,M,1970-01-11,Intermediate,Berlin,2023-07-23
595,Emily,Fischer,F,1994-06-26,Advanced,Berlin,2021-02-14
596,Chris,Koch,M,2003-12-26,Beginner,Potsdam,2021-02-24
597,Sarah,Fischer,Other,1967-02-02,Intermediate,Berlin,2022-11-14
598,Chris,Meyer,F,1992-04-15,Beginner,Berlin,2021-03-11
599,Alex,Koch,M,1983-09-23,Beginner,Berlin,2021-12-22
600,Alex,Klein,M,1988-03-02,Intermediate,Berlin,2023-01-07
601,Marco,Weber,M,1968-05-31,Intermediate,Berlin,2022-01-05
602,Lena,Schmidt,F,1966-09-21,Intermediate,Berlin,2021-07-16
603,Lena,Rossi,F,1991-09-04,Advanced,Potsdam,2021-11-05
604,Jonas,Rossi,F,1997-12-07,Intermediate,Berlin,2022-05-17
605,Tom,Schmidt,M,1996-04-13,Advanced,Berlin,2022-06-05
606,Chris,Becker,M,1986-10-03,Advanced,Berlin,2023-05-08
607,Nina,Meyer,M,1968-12-30,Intermediate,Berlin,2023-04-02
608,Anna,Fischer,F,1992-07-10,Intermediate,Berlin,2022-05-16
609,Lena,Klein,F,1974-09-04,Intermediate,Berlin,2023-07-16
610,Anna,Chen,M,2001-06-11,Beginner,Berlin,2021-05-06
611,Marco,Koch,M,1998-07-14,Intermediate,Berlin,2021-10-07
612,Anna,Meyer,F,1993-05-18,Beginner,Berlin,2023-06-26
613,Nina,Koch,F,2002-12-15,Intermediate,Berlin,2022-02-18
614,Emily,Klein,F,1966-04-05,Intermediate,Berlin,2023-12-11
615,Nina,Lopez,F,1994-06-13,Beginner,Berlin,2022-05-26
616,Anna,Lopez,M,1978-03-18,Beginner,Berlin,2023-05-18
617,Nina,Meyer,M,2001-03-30,Advanced,Berlin,2022-03-17
618,Sarah,Weber,F,1975-09-02,Intermediate,Berlin,2022-04-11
619,Marco,Klein,F,1993-12-30,Beginner,Berlin,2022-02-24
620,Chris,Klein,M,2000-02-09,Intermediate,Berlin,2023-02-27
621,Emily,Schmidt,F,1966-09-01,Intermediate,Berlin,2022-08-23
622,Lena,Weber,F,1980-11-27,Intermediate,Potsdam,2023-10-31
623,Alex,Fischer,F,1995-06-30,Advanced,Berlin,2021-10-02
624,Chris,Fischer,F,1983-03-14,Intermediate,Potsdam,2021-04-21
625,Alex,Chen,M,1975-09-10,Beginner,Berlin,2022-03-07
626,Marco,Rossi,F,1973-10-17,Intermediate,Berlin,2022-11-07
627,Emily,Lopez,F,1970-04-06,Advanced,Berlin,2023-08-01
628,Jonas,Fischer,F,1999-04-15,Beginner,Berlin,2022-01-15
629,Lena,Weber,F,1988-01-06,Beginner,Berlin,2022-12-17
630,Sarah,Klein,F,1968-01-21,Beginner,Berlin,2022-01-19
631,Jonas,Fischer,M,1980-04-21,Intermediate,Berlin,2022-11-07
632,Marco,Klein,F,1979-09-17,Intermediate,Berlin,2023-08-27
633,Chris,Fischer,F,1972-04-09,Intermediate,Potsdam,2021-09-11
634,Sarah,Lopez,F,1982-06-03,Advanced,Leipzig,2022-03-19
635,Nina,Koch,F,1978-04-14,Intermediate,Berlin,2023-12-24
636,Anna,Fischer,F,1978-09-03,Beginner,Berlin,2023-08-10
637,Sarah,Weber,M,1994-07-25,Beginner,Berlin,2022-09-11
638,Marco,Fischer,F,1973-12-06,Beginner,Berlin,2022-07-20
639,Tom,Rossi,M,1990-09-04,Beginner,Berlin,2021-11-08
640,Anna,Lopez,M,1987-10-30,Intermediate,Leipzig,2022-07-21
641,Alex,Weber,F,1987-09-22,Advanced,Berlin,2023-07-18
642,Lena,Schmidt,F,1991-07-10,Beginner,Berlin,2023-01-21
643,Alex,Weber,M,1986-12-08,Intermediate,Berlin,2021-11-14
644,Sarah,Rossi,M,2000-03-03,Intermediate,Potsdam,2021-08-09
645,Alex,Koch,F,1992-01-10,Beginner,Berlin,2021-10-18
646,Marco,Lopez,M,1986-11-18,Beginner,Berlin,2021-07-05
647,Nina,Schmidt,M,1998-03-11,Intermediate,Leipzig,2021-04-15
648,Chris,Rossi,M,1989-03-31,Beginner,Berlin,2022-04-04
649,Lena,Rossi,M,1976-08-24,Advanced,Potsdam,2021-05-05
650,Alex,Meyer,M,1973-04-14,Beginner,Berlin,2021-07-08
651,Alex,Lopez,M,1971-02-04,Beginner,Potsdam,2022-08-23
652,Sarah,Weber,M,2000-12-24,Intermediate,Berlin,2021-06-30
653,Chris,Klein,F,1993-05-29,Advanced,Berlin,2021-03-11
654,Jonas,Koch,F,2002-07-01,Beginner,Potsdam,2021-12-14
655,Alex,Klein,F,1989-02-18,Beginner,Berlin,2021-08-30
656,Marco,Weber,M,1983-12-09,Beginner,Berlin,2022-07-19
657,Tom,Weber,M,1967-05-23,Beginner,Berlin,2021-04-23
658,Lena,Lopez,F,1991-11-13,Beginner,Berlin,2023-04-04
659,Alex,Weber,M,1988-04-16,Intermediate,Berlin,2023-09-20
660,Marco,Meyer,F,2004-08-10,Beginner,Berlin,2023-03-26
661,Marco,Schmidt,F,1974-07-27,Beginner,Berlin,2022-08-07
662,Lena,Weber,F,1986-03-26,Intermediate,Berlin,2023-08-01
663,Jonas,Klein,M,1991-01-15,Beginner,Berlin,2023-01-31
664,Marco,Weber,M,1990-10-14,Beginner,Berlin,2021-01-12
665,Tom,Meyer,F,1987-06-15,Beginner,Potsdam,2022-03-08
666,Marco,Fischer,M,1996-01-29,Advanced,Leipzig,2023-07-21
667,Marco,Fischer,F,1973-03-14,Beginner,Potsdam,2022-01-14
668,Marco,Rossi,F,1994-01-10,Advanced,Berlin,2021-02-08
669,Nina,Koch,Other,1989-10-16,Intermediate,Berlin,2023-03-29
670,Nina,Chen,M,2000-11-04,Beginner,Berlin,2023-05-29
671,Jonas,Schmidt,F,1998-11-21,Advanced,Berlin,2021-06-25
672,Alex,Becker,F,1977-08-10,Beginner,Berlin,2022-08-12
673,Marco,Rossi,M,1976-01-19,Beginner,Berlin,2021-07-30
674,Chris,Koch,M,2004-04-07,Intermediate,Berlin,2023-02-27
675,Alex,Fischer,F,1986-02-03,Intermediate,Leipzig,2021-10-25
676,Jonas,Klein,M,2001-04-04,Intermediate,Berlin,2021-12-13
677,Emily,Becker,M,1971-07-23,Beginner,Berlin,2023-07-15
678,Alex,Koch,M,1990-09-18,Intermediate,Berlin,2022-06-06
679,Alex,Koch,F,1997-05-25,Intermediate,Berlin,2023-01-04
680,Anna,Rossi,F,2002-11-24,Beginner,Potsdam,2022-03-17
681,Sarah,Becker,F,1978-06-30,Beginner,Berlin,2021-11-23
682,Anna,Lopez,M,1993-12-31,Beginner,Berlin,2022-11-16
683,Tom,Chen,M,1986-07-22,Beginner,Berlin,2021-06-19
684,Nina,Lopez,F,1967-06-05,Advanced,Berlin,2022-02-13
685,Nina,Becker,F,1992-08-07,Beginner,Berlin,2021-08-17
686,Sarah,Lopez,M,1992-08-09,Advanced,Potsdam,2023-02-01
687,Lena,Meyer,F,2002-03-24,Beginner,Potsdam,2023-10-31
688,Lena,Fischer,Other,1984-11-22,Intermediate,Potsdam,2023-12-27
689,Jonas,Meyer,F,1974-03-18,Beginner,Berlin,2022-05-09
690,Sarah,Weber,F,1966-10-14,Beginner,Potsdam,2021-10-04
691,Alex,Lopez,F,1981-08-17,Beginner,Berlin,2022-04-30
692,Lena,Weber,M,1977-01-29,Beginner,Berlin,2023-07-17
693,Marco,Klein,F,1995-06-12,Intermediate,Berlin,2021-08-14
694,Chris,Schmidt,Other,1979-03-04,Advanced,Berlin,2023-11-09
695,Alex,Klein,M,2002-12-18,Intermediate,Berlin,2022-01-10
696,Tom,Becker,F,2003-06-30,Beginner,Potsdam,2023-12-16
697,Marco,Koch,F,1989-11-02,Beginner,Berlin,2023-07-08
698,Marco,Fischer,F,2002-02-23,Beginner,Berlin,2023-06-05
699,Sarah,Lopez,F,1995-06-09,Intermediate,Berlin,2021-12-15
700,Jonas,Rossi,F,1986-11-16,Intermediate,Potsdam,2021-01-10
701,Tom,Schmidt,F,1972-03-19,Advanced,Leipzig,2022-02-23
702,Lena,Chen,M,1983-05-07,Beginner,Potsdam,2021-11-27
703,Sarah,Chen,F,1987-06-09,Intermediate,Berlin,2021-02-10
704,Lena,Chen,M,1999-07-24,Intermediate,Berlin,2022-07-08
705,Sarah,Lopez,M,1984-04-03,Intermediate,Berlin,2022-03-18
706,Sarah,Chen,M,2000-11-28,Intermediate,Berlin,2022-11-26
707,Sarah,Meyer,F,1991-12-23,Intermediate,Berlin,2022-11-12
708,Jonas,Schmidt,M,1970-06-25,Intermediate,Berlin,2021-05-13
709,Sarah,Meyer,F,2004-10-19,Beginner,Berlin,2023-12-06
710,Emily,Koch,F,1986-02-02,Intermediate,Leipzig,2021-07-24
711,Chris,Schmidt,F,1980-09-04,Beginner,Berlin,2022-05-03
712,Lena,Meyer,M,1991-05-14,Intermediate,Berlin,2022-06-19
713,Alex,Schmidt,F,1969-05-10,Beginner,Berlin,2023-06-10
714,Anna,Koch,F,1990-06-18,Intermediate,Leipzig,2021-04-19
715,Tom,Weber,F,1984-12-06,Advanced,Potsdam,2022-04-15
716,Nina,Lopez,M,1981-04-08,Advanced,Potsdam,2022-11-20
717,Jonas,Lopez,M,2003-02-14,Intermediate,Leipzig,2021-08-24
718,Alex,Chen,M,1985-11-26,Intermediate,Berlin,2022-11-19
719,Marco,Klein,M,1973-10-07,Intermediate,Berlin,2023-10-09
720,Emily,Chen,M,1983-05-12,Intermediate,Berlin,2023-12-29
721,Nina,Becker,F,2001-10-11,Advanced,Berlin,2021-02-05
722,Anna,Meyer,M,1972-01-17,Beginner,Berlin,2021-09-15
723,Alex,Schmidt,M,1973-07-23,Advanced,Berlin,2021-12-06
724,Nina,Klein,M,1965-07-10,Advanced,Leipzig,2022-03-14
725,Alex,Koch,M,1965-07-27,Intermediate,Leipzig,2021-09-23
726,Emily,Becker,M,1998-03-06,Beginner,Potsdam,2021-08-11
727,Anna,Koch,M,1994-04-15,Beginner,Potsdam,2023-11-12
728,Marco,Lopez,M,1979-03-16,Advanced,Berlin,2023-10-03
729,Sarah,Lopez,F,1992-12-07,Beginner,Berlin,2021-02-21
730,Lena,Chen,Other,1980-10-22,Advanced,Berlin,2022-01-07
731,Marco,Meyer,M,2003-02-12,Intermediate,Berlin,2022-03-20
732,Sarah,Klein,M,2003-09-07,Beginner,Potsdam,2021-09-19
733,Jonas,Fischer,F,1980-09-17,Advanced,Berlin,2022-11-20
734,Chris,Becker,M,1999-03-04,Intermediate,Leipzig,2022-12-03
735,Tom,Becker,M,1995-12-04,Intermediate,Berlin,2023-07-21
736,Tom,Chen,F,1977-05-27,Intermediate,Berlin,2023-03-23
737,Lena,Lopez,M,1974-04-14,Beginner,Berlin,2022-08-18
738,Anna,Chen,F,1983-05-01,Intermediate,Berlin,2022-12-17
739,Emily,Schmidt,F,1996-04-03,Beginner,Berlin,2021-10-28
740,Anna,Klein,M,2003-05-30,Advanced,Berlin,2022-10-12
741,Emily,Meyer,M,1995-07-18,Advanced,Potsdam,2022-06-20
742,Anna,Weber,F,1999-03-18,Beginner,Berlin,2021-05-27
743,Chris,Rossi,M,1989-02-14,Intermediate,Berlin,2021-09-23
744,Jonas,Rossi,M,1998-06-02,Intermediate,Berlin,2021-11-16
745,Jonas,Chen,F,1996-05-18,Beginner,Berlin,2023-10-10
746,Sarah,Schmidt,F,1980-01-30,Advanced,Leipzig,2021-09-10
747,Nina,Klein,M,1987-01-30,Beginner,Berlin,2021-11-13
748,Jonas,Fischer,F,1997-03-11,Beginner,Leipzig,2022-02-09
749,Jonas,Rossi,M,1966-11-04,Intermediate,Berlin,2022-12-28
750,Marco,Klein,F,1997-04-29,Intermediate,Leipzig,2021-05-10
751,Marco,Meyer,F,1972-02-12,Intermediate,Berlin,2023-11-11
752,Sarah,Koch,F,1985-08-03,Intermediate,Berlin,2023-08-06
753,Nina,Schmidt,F,1997-05-01,Intermediate,Berlin,2022-09-25
754,Lena,Lopez,Other,1975-02-26,Intermediate,Berlin,2023-01-09
755,Marco,Klein,M,1974-11-01,Beginner,Berlin,2021-01-19
756,Lena,Meyer,F,1981-02-10,Beginner,Berlin,2022-01-07
757,Alex,Fischer,M,2000-10-14,Beginner,Berlin,2023-05-22
758,Marco,Weber,M,1965-01-07,Beginner,Berlin,2021-03-26
759,Chris,Lopez,M,2001-01-21,Intermediate,Berlin,2021-11-06
760,Nina,Weber,F,1971-02-26,Beginner,Potsdam,2022-10-03
761,Sarah,Fischer,Other,2004-08-09,Beginner,Berlin,2021-10-08
762,Alex,Meyer,M,2003-03-13,Beginner,Berlin,2023-10-20
763,Nina,Rossi,M,1984-10-15,Advanced,Berlin,2021-05-24
764,Chris,Weber,F,1985-07-05,Advanced,Potsdam,2023-05-24
765,Nina,Lopez,M,1984-04-06,Intermediate,Berlin,2022-07-11
766,Chris,Chen,M,1990-06-02,Advanced,Berlin,2023-04-02
767,Chris,Becker,F,1968-08-18,Intermediate,Leipzig,2021-12-07
768,Lena,Klein,F,1966-04-22,Intermediate,Potsdam,2022-07-18
769,Anna,Rossi,Other,1967-04-24,Beginner,Berlin,2023-07-28
770,Alex,Weber,M,1982-10-11,Intermediate,Berlin,2022-05-27
771,Nina,Koch,M,1976-01-09,Intermediate,Potsdam,2022-01-29
772,Emily,Klein,F,1989-11-18,Intermediate,Berlin,2022-08-11
773,Alex,Chen,F,2004-09-12,Intermediate,Berlin,2023-02-25
774,Anna,Fischer,F,1980-06-15,Intermediate,Berlin,2022-05-01
775,Alex,Becker,F,1987-12-15,Intermediate,Potsdam,2023-10-26
776,Jonas,Meyer,M,1981-08-16,Advanced,Berlin,2021-11-19
777,Emily,Chen,F,1998-11-22,Beginner,Potsdam,2022-06-05
778,Anna,Chen,M,2001-02-02,Intermediate,Berlin,2023-04-09
779,Lena,Fischer,M,2000-02-05,Intermediate,Berlin,2023-01-25
780,Nina,Schmidt,F,2003-12-23,Intermediate,Berlin,2023-08-04
781,Tom,Fischer,M,1966-02-07,Intermediate,Berlin,2023-12-28
782,Anna,Schmidt,M,1998-08-05,Beginner,Leipzig,2022-04-13
783,Sarah,Schmidt,F,1995-01-27,Intermediate,Potsdam,2021-05-02
784,Nina,Rossi,M,1974-02-24,Beginner,Berlin,2021-02-03
785,Anna,Rossi,F,2003-04-03,Intermediate,Berlin,2023-03-07
786,Jonas,Lopez,M,1970-12-05,Intermediate,Berlin,2023-08-16
787,Tom,Weber,F,1992-03-08,Intermediate,Berlin,2021-08-30
788,Jonas,Weber,M,1973-12-30,Beginner,Berlin,2021-06-23
789,Tom,Meyer,M,1982-04-04,Intermediate,Berlin,2021-03-10
790,Sarah,Weber,Other,1993-10-07,Beginner,Berlin,2023-06-20
791,Nina,Rossi,F,1987-07-15,Advanced,Potsdam,2021-12-07
792,Lena,Lopez,F,1982-02-06,Advanced,Leipzig,2022-03-16
793,Jonas,Lopez,M,1978-01-20,Advanced,Berlin,2022-07-05
794,Jonas,Schmidt,F,1998-08-03,Intermediate,Potsdam,2023-07-09
795,Chris,Fischer,F,1970-10-03,Intermediate,Berlin,2022-12-14
796,Tom,Meyer,F,1982-03-16,Beginner,Berlin,2022-11-05
797,Marco,Schmidt,F,2001-02-24,Beginner,Berlin,2021-07-12
798,Nina,Fischer,M,1998-11-01,Intermediate,Berlin,2022-07-16
799,Tom,Weber,M,1981-01-14,Intermediate,Berlin,2023-02-23
800,Chris,Schmidt,F,1995-07-12,Advanced,Berlin,2023-12-02
